<connectorMetaData path="astmlight">
	<name>ASTM Light Sender</name>
	<author>NextGen Healthcare</author>
	<pluginVersion>3.9.0</pluginVersion>
	<mirthVersion>3.9.0</mirthVersion>
	<url>http://www.nextgen.com</url>
	<description>This connector allows Mirth Connect to send ASTM messages to a TCP server with basic message handling.</description>
	<clientClassName>com.mirth.connect.connectors.astmlight.AstmLightSender</clientClassName>
	<serverClassName>com.mirth.connect.connectors.astmlight.AstmLightDispatcher</serverClassName>
	<sharedClassName>com.mirth.connect.connectors.astmlight.AstmLightDispatcherProperties</sharedClassName>
	<library type="CLIENT" path="astmlight-client.jar" />
	<library type="SHARED" path="astmlight-shared.jar" />
	<library type="SERVER" path="astmlight-server.jar" />
	<apiProvider type="SERVLET_INTERFACE" name="com.mirth.connect.connectors.astmlight.AstmLightConnectorServletInterface"/>
	<apiProvider type="SERVER_CLASS" name="com.mirth.connect.connectors.astmlight.AstmLightLightConnectorServlet"/>
	<transformers/>
	<protocol>astmlight</protocol>
	<type>DESTINATION</type>
</connectorMetaData>