<connectorMetaData path="astmlight">
	<name>ASTM Light Listener</name>
	<author>NextGen Healthcare</author>
	<pluginVersion>3.9.0</pluginVersion>
	<mirthVersion>3.9.0</mirthVersion>
	<url>http://www.nextgen.com</url>
	<description>This connector allows Mirth Connect to listen for incoming ASTM messages over a standard TCP connection with basic message handling.</description>
	<clientClassName>com.mirth.connect.connectors.astmlight.AstmLightListener</clientClassName>
	<serverClassName>com.mirth.connect.connectors.astmlight.AstmLightReceiver</serverClassName>
	<sharedClassName>com.mirth.connect.connectors.astmlight.AstmLightReceiverProperties</sharedClassName>
	<library type="CLIENT" path="astmlight-client.jar" />
	<library type="SHARED" path="astmlight-shared.jar" />
	<library type="SERVER" path="astmlight-server.jar" />
	<transformers/>
	<protocol>astmlight</protocol>
	<type>SOURCE</type>
</connectorMetaData>